game_id,kickoff_local,home_team,away_team,tv_outlet,spread,home_win_prob,temp_f,precip_in,capacity,school_normal_fill,pred_fill,pred_fill_low,pred_fill_high,pred_attendance,sellout_prob,gap_pts,gap_seats,gap_dollars_at_assumed_price,at_risk,why
401858259,"Sat Oct 10, 12:30 PM PDT",California,Virginia Tech,,2.695,0.429,67.7,0.0,62467.0,0.56,0.486,0.43,0.796,30400.0,0.001,-7.375,-4600.0,-345000.0,True,opponent draw: Virginia Tech (-3.0 pts); kickoff time: 12:30 PM PDT (-1.4 pts)
401864517,"Sat Oct 10, 05:00 PM MDT",UTEP,Nevada,FS1,16.581,0.134,75.6,0.0,51500.0,0.307,0.22,0.188,0.486,11300.0,0.0,-8.747,-4500.0,-112000.0,True,opponent draw: Nevada (-2.8 pts); home team's record: 1-4 so far (-2.5 pts)
401858487,"Fri Oct 09, 06:00 PM PDT",Washington,Iowa,,-1.5,0.54,61.7,0.068,70138.0,0.964,0.928,0.886,1.0,65100.0,0.413,-3.546,-2500.0,-188000.0,False,day of week: weeknight (-4.5 pts); home team's record: 3-2 so far (-2.1 pts); TV slot: stream only (-1.3 pts)
401858254,"Fri Oct 09, 07:00 PM EDT",Louisville,Florida State,ESPN,-5.673,0.647,73.7,0.0,60000.0,0.838,0.805,0.744,0.938,48300.0,0.02,-3.273,-2000.0,-150000.0,False,day of week: weeknight (-4.3 pts); home team's record: 2-3 so far (-1.6 pts); opponent draw: Florida State (-1.2 pts)
401858480,"Sat Oct 10, 03:30 PM EDT",Michigan State,Illinois,FS1,-0.02,0.501,61.8,0.0,75005.0,0.938,0.911,0.856,0.969,68400.0,0.129,-2.693,-2000.0,-150000.0,False,home team's record: 2-3 so far (-5.6 pts)
401869933,"Thu Oct 08, 06:30 PM CDT",Arkansas State,South Alabama,ESPN2,-2.646,0.57,80.4,0.0,30382.0,0.558,0.511,0.421,0.736,15500.0,0.001,-4.718,-1400.0,-35000.0,False,day of week: weeknight (-4.3 pts); opponent draw: South Alabama (-1.7 pts)
401871090,"Tue Oct 06, 07:00 PM CDT",Troy,Southern Miss,ESPN2,-9.5,0.737,70.9,0.052,30000.0,0.802,0.76,0.649,0.906,22800.0,0.026,-4.222,-1300.0,-32000.0,False,day of week: weeknight (-4.3 pts)
401858255,"Sat Oct 10, 03:30 PM EDT",Georgia Tech,Duke,,2.695,0.429,75.3,0.0,55000.0,0.867,0.852,0.738,0.936,46900.0,0.03,-1.478,-800.0,-60000.0,False,nothing unusual
401866436,"Sat Oct 10, 12:00 PM EDT",Bowling Green,Sacramento State,ESPN+,-3.848,0.601,66.6,0.0,24000.0,0.773,0.745,0.601,0.855,17900.0,0.005,-2.851,-700.0,-18000.0,False,opponent draw: Sacramento State (-6.2 pts); home team's record: 1-4 so far (-2.2 pts); kickoff time: 12:00 PM EDT (-1.3 pts)
401856713,"Sat Oct 10, 03:15 PM CDT",Arkansas,Tennessee,SEC Network,9.816,0.256,83.0,0.0,80000.0,0.872,0.863,0.747,0.962,69000.0,0.022,-0.93,-700.0,-52000.0,False,home team's record: 2-3 so far (-4.2 pts)
401856823,"Sat Oct 10, 12:00 PM EDT",West Virginia,Arizona,truTV,8.169,0.293,68.5,0.0,60000.0,0.903,0.891,0.798,0.975,53400.0,0.087,-1.18,-700.0,-52000.0,False,home team's record: 3-2 so far (-2.7 pts); opponent draw: Arizona (-1.9 pts); kickoff time: 12:00 PM EDT (-1.1 pts)
401871052,"Thu Oct 08, 06:00 PM CDT",Western Kentucky,Missouri State,CBSSN,-0.243,0.506,77.6,0.0,22113.0,0.668,0.637,0.42,0.756,14100.0,0.001,-3.118,-700.0,-18000.0,False,day of week: weeknight (-4.1 pts); home team's record: 1-4 so far (-2.8 pts); opponent draw: Missouri State (-1.4 pts)
401869843,"Sat Oct 10, 01:00 PM EDT",App State,Old Dominion,ESPN+,-9.945,0.746,67.5,0.0,30000.0,0.966,0.945,0.865,1.0,28300.0,0.726,-2.118,-600.0,-15000.0,False,home team's record: 3-1 so far (-1.9 pts); opponent draw: Old Dominion (-1.8 pts)
401858485,"Sat Oct 10, 07:30 PM EDT",Penn State,USC,NBC,-1.5,0.54,56.9,0.0,106572.0,0.992,0.988,0.988,1.0,105200.0,0.976,-0.493,-500.0,-38000.0,False,home team's record: 3-2 so far (-5.1 pts)
401870766,"Thu Oct 08, 07:00 PM EDT",Liberty,Sam Houston,ESPNU,-31.531,0.982,73.9,0.0,25000.0,0.735,0.72,0.626,0.913,18000.0,0.013,-1.506,-400.0,-10000.0,False,opponent draw: Sam Houston (-4.6 pts); day of week: weeknight (-4.3 pts); home team's record: 4-1 so far (-2.7 pts)
401862796,"Sat Oct 10, 02:30 PM CDT",North Texas,Charlotte,ESPN+,-33.089,0.986,77.2,0.0,30850.0,0.791,0.783,0.664,0.953,24200.0,0.108,-0.838,-300.0,-8000.0,False,opponent draw: Charlotte (-2.8 pts)
401860922,"Fri Oct 09, 07:00 PM MDT",Utah State,Washington State,CW,3.14,0.417,73.7,0.0,25513.0,0.739,0.728,0.57,0.85,18600.0,0.007,-1.085,-300.0,-8000.0,False,day of week: weeknight (-3.6 pts); home team's record: 1-4 so far (-3.1 pts); opponent draw: Washington State (-1.7 pts)
401856826,"Fri Oct 09, 08:15 PM MDT",BYU,Iowa State,ESPN,-14.5,0.833,75.2,0.0,63470.0,0.992,0.987,0.97,1.0,62700.0,0.905,-0.483,-300.0,-22000.0,False,day of week: weeknight (-4.1 pts)
401858483,"Sat Oct 10, 04:15 PM EDT",Ohio State,Maryland,BTN,-40.121,0.996,72.9,0.0,102780.0,0.997,0.995,0.985,1.0,102200.0,0.936,-0.18,-200.0,-15000.0,False,TV slot: BTN (-1.3 pts)
401858258,"Sat Oct 10, 07:30 PM EDT",Virginia,Syracuse,ACC Network,-18.402,0.89,63.8,0.0,61500.0,0.793,0.792,0.682,0.935,48700.0,0.006,-0.153,-100.0,-8000.0,False,opponent draw: Syracuse (-1.1 pts)
401858482,"Sat Oct 10, 11:30 AM CDT",Northwestern,Ball State,BTN,-34.068,0.988,67.5,0.0,35000.0,0.96,0.957,0.893,1.0,33500.0,0.119,-0.343,-100.0,-8000.0,False,opponent draw: Ball State (-2.9 pts)
401858256,"Sat Oct 10, 12:00 PM EDT",Pittsburgh,North Carolina,,-16.8,0.869,64.9,0.0,68400.0,0.758,0.756,0.672,0.916,51700.0,0.019,-0.18,-100.0,-8000.0,False,nothing unusual
401862799,"Sat Oct 10, 03:30 PM EDT",Navy,Tulsa,CBSSN,-16.399,0.863,68.2,0.0,34000.0,0.919,0.916,0.812,0.975,31200.0,0.106,-0.214,-100.0,-2000.0,False,opponent draw: Tulsa (-2.2 pts)
401871066,"Wed Oct 07, 07:30 PM EDT",Florida International,New Mexico State,ESPN2,-3.5,0.592,85.0,0.201,20000.0,0.693,0.686,0.609,0.825,13700.0,0.01,-0.683,-100.0,-2000.0,False,day of week: weeknight (-4.0 pts); opponent draw: New Mexico State (-3.7 pts)
401858484,"Sat Oct 10, 12:30 PM PDT",Oregon,UCLA,CBS,-12.5,0.798,57.0,0.036,54000.0,1.0,1.0,0.99,1.0,54000.0,0.975,0.0,0.0,0.0,False,kickoff time: 12:30 PM PDT (-1.2 pts)
401856827,"Sat Oct 10, 08:15 PM MDT",Utah,Kansas,ESPN,-17.334,0.876,74.0,0.012,51444.0,1.0,1.0,0.998,1.0,51400.0,0.982,0.0,0.0,0.0,False,opponent draw: Kansas (-1.4 pts)
401858481,"Sat Oct 10, 11:00 AM CDT",Nebraska,Indiana,FOX,8.5,0.285,73.1,0.0,85458.0,1.0,1.0,0.996,1.0,85500.0,0.989,0.0,0.0,0.0,False,"weather forecast: 73 F, 0.00 in rain (-1.5 pts); kickoff time: 11:00 AM CDT (-1.1 pts)"
401856825,"Sat Oct 10, 02:30 PM CDT",Kansas State,Houston,FOX,-10.346,0.755,78.5,0.0,50000.0,0.998,1.0,0.992,1.0,50000.0,0.892,0.15,100.0,8000.0,False,nothing unusual
401871051,"Wed Oct 07, 07:00 PM EDT",Kennesaw State,Jacksonville State,CBSSN,2.5,0.434,76.2,0.0,11040.0,0.973,0.98,0.894,1.0,10800.0,0.627,0.652,100.0,2000.0,False,day of week: weeknight (-3.2 pts)
401856808,"Sat Oct 10, 07:30 PM MST",Arizona State,Hawai'i,FS1,-11.548,0.779,92.2,0.0,65870.0,0.827,0.829,0.704,0.927,54600.0,0.029,0.267,200.0,15000.0,False,opponent draw: Hawai'i (-6.0 pts)
401864519,"Fri Oct 09, 06:00 PM PDT",San José State,Wyoming,CBSSN,-10.079,0.749,86.0,0.0,30456.0,0.46,0.47,0.408,0.648,14300.0,0.001,0.999,300.0,8000.0,False,day of week: weeknight (-3.7 pts); opponent draw: Wyoming (-3.6 pts); home team's record: 2-2 so far (-1.2 pts)
401862794,"Thu Oct 08, 06:30 PM CDT",UTSA,South Florida,ESPN,0.825,0.478,70.0,0.0,36582.0,0.624,0.635,0.517,0.802,23200.0,0.005,1.104,400.0,10000.0,False,day of week: weeknight (-4.3 pts); opponent draw: South Florida (-4.2 pts)
401858486,"Sat Oct 10, 08:00 PM EDT",Purdue,Minnesota,BTN,4.519,0.382,65.6,0.0,57282.0,0.978,0.986,0.895,1.0,56500.0,0.443,0.778,400.0,30000.0,False,home team's record: 2-3 so far (-2.1 pts); opponent draw: Minnesota (-1.8 pts)
401864516,"Sat Oct 10, 06:30 PM CDT",Northern Illinois,Air Force,CBSSN,6.211,0.339,67.0,0.0,23595.0,0.395,0.41,0.329,0.648,9700.0,0.002,1.5,400.0,10000.0,False,home team's record: 0-4 so far (-6.8 pts); opponent draw: Air Force (-3.2 pts)
401869943,"Sat Oct 10, 07:00 PM EDT",Marshall,Coastal Carolina,ESPN+,-8.477,0.714,66.5,0.0,38016.0,0.665,0.686,0.561,0.792,26100.0,0.006,2.033,800.0,20000.0,False,home team's record: 3-2 so far (-2.2 pts); opponent draw: Coastal Carolina (-1.9 pts)
401858257,"Sat Oct 10, 03:30 PM EDT",Notre Dame,Stanford,NBC,-44.35,0.998,72.2,0.0,80795.0,0.961,0.974,0.965,0.983,78700.0,0.075,1.286,1000.0,75000.0,False,nothing unusual
401864518,"Sat Oct 10, 04:00 PM PDT",UNLV,North Dakota State,CW,2.161,0.443,70.0,0.0,65000.0,0.486,0.501,0.446,0.609,32600.0,0.002,1.488,1000.0,25000.0,False,opponent draw: North Dakota State (-3.3 pts)
401862797,"Sat Oct 10, 04:00 PM EDT",East Carolina,Rice,ESPN+,-16.978,0.871,73.1,0.0,50000.0,0.742,0.764,0.625,0.858,38200.0,0.011,2.246,1100.0,28000.0,False,opponent draw: Rice (-4.3 pts)
401858260,"Sat Oct 10, 12:00 PM EDT",NC State,Wake Forest,CW,2.294,0.439,72.8,0.0,58000.0,0.981,1.0,0.956,1.0,58000.0,0.916,1.864,1100.0,82000.0,False,home team's record: 3-2 so far (-1.5 pts); kickoff time: 12:00 PM EDT (-1.4 pts)
401862795,"Sat Oct 10, 12:00 PM EDT",Army,Tulane,CBSSN,-4.56,0.619,60.6,0.0,38000.0,0.747,0.777,0.639,0.91,29500.0,0.036,2.941,1100.0,28000.0,False,opponent draw: Tulane (-5.7 pts); home team's record: 2-2 so far (-1.7 pts)
401860901,"Sat Oct 10, 07:30 PM PDT",Fresno State,Boise State,CW,-0.688,0.518,88.4,0.0,41031.0,0.925,0.951,0.845,1.0,39000.0,0.447,2.625,1100.0,28000.0,False,nothing unusual
401866437,"Sat Oct 10, 03:30 PM EDT",Toledo,Buffalo,ESPN+,-19.604,0.904,71.9,0.0,26038.0,0.814,0.862,0.688,0.972,22400.0,0.093,4.756,1200.0,30000.0,False,opponent draw: Buffalo (-2.7 pts)
401866438,"Sat Oct 10, 03:30 PM EDT",Ohio,Central Michigan,ESPN+,-6.874,0.677,72.9,0.0,24000.0,0.856,0.904,0.714,0.976,21700.0,0.125,4.823,1200.0,30000.0,False,opponent draw: Central Michigan (-3.3 pts)
401866440,"Sat Oct 10, 02:00 PM EDT",Massachusetts,Miami (OH),ESPN+,1.404,0.463,60.3,0.0,17000.0,0.517,0.596,0.448,0.713,10100.0,0.005,7.949,1400.0,35000.0,False,opponent draw: Miami (OH) (-4.6 pts)
401856715,"Sat Oct 10, 07:00 PM EDT",Kentucky,LSU,ESPN,10.0,0.252,72.5,0.0,61000.0,0.947,0.975,0.924,1.0,59500.0,0.832,2.749,1700.0,128000.0,False,nothing unusual
401856712,"Sat Oct 10, 06:30 PM CDT",Alabama,Georgia,ABC,2.5,0.434,71.4,0.126,101821.0,0.983,1.0,0.992,1.0,101800.0,0.997,1.713,1700.0,128000.0,False,"weather forecast: 71 F, 0.13 in rain (-1.1 pts)"
401866439,"Sat Oct 10, 03:30 PM EDT",Western Michigan,Kent State,ESPN+,-23.253,0.939,70.5,0.0,30200.0,0.669,0.728,0.564,0.807,22000.0,0.004,5.953,1800.0,45000.0,False,opponent draw: Kent State (-2.2 pts)
401861964,"Sat Oct 10, 03:45 PM EDT",Temple,UConn,ESPNU,0.158,0.496,69.8,0.0,69879.0,0.251,0.284,0.175,0.56,19800.0,0.001,3.241,2300.0,58000.0,False,home team's record: 2-3 so far (-1.2 pts)
401860902,"Sat Oct 10, 03:00 PM PDT",Oregon State,San Diego State,USA Net,-5.005,0.631,63.0,0.024,43363.0,0.695,0.759,0.613,0.832,32900.0,0.032,6.411,2800.0,70000.0,False,opponent draw: San Diego State (-8.1 pts)
401856824,"Sat Oct 10, 11:00 AM CDT",Oklahoma State,UCF,,2.517,0.433,75.9,0.0,55509.0,0.805,0.863,0.701,0.954,47900.0,0.05,5.795,3200.0,240000.0,False,home team's record: 3-1 so far (-4.5 pts); opponent draw: UCF (-2.0 pts); kickoff time: 11:00 AM CDT (-1.5 pts); TV slot: stream only (-1.1 pts)
401866435,"Sat Oct 10, 03:30 PM EDT",Akron,Eastern Michigan,ESPN+,13.599,0.182,69.8,0.0,30000.0,0.258,0.368,0.207,0.573,11000.0,0.0,11.064,3300.0,82000.0,False,opponent draw: Eastern Michigan (-2.4 pts)
401869965,"Sat Oct 10, 06:30 PM CDT",Louisiana Tech,Louisiana,ESPN+,-2.023,0.554,68.9,0.052,28019.0,0.491,0.621,0.428,0.792,17400.0,0.015,12.987,3600.0,90000.0,False,nothing unusual
401856718,"Sat Oct 10, 02:30 PM CDT",Vanderbilt,Ole Miss,ESPN,-0.777,0.521,87.2,0.0,40351.0,0.863,0.978,0.844,1.0,39500.0,0.564,11.564,4700.0,352000.0,False,nothing unusual
