effect,model,pts_of_capacity,ci_low,ci_high,p_value,seats_per_game,dollars_per_game_at_assumed_price
Noon kickoff (vs. night),OLS,-2.2762,-3.1427,-1.4098,0.0,-1171.5144,-69600.9479
Afternoon kickoff (vs. night),OLS,-1.0184,-1.8109,-0.2259,0.0118,-524.1287,-31139.0583
Weeknight game (vs. Saturday),OLS,-4.9991,-6.3327,-3.6655,0.0,-2572.8646,-152856.693
ABC / CBS / NBC / FOX (vs. stream only),OLS,2.5386,1.0334,4.0439,0.0009,1306.5464,77623.347
ESPN / ESPN2 (vs. stream only),OLS,1.2908,-0.0151,2.5967,0.0527,664.3377,39469.0301
Other national cable (vs. stream only),OLS,0.4455,-0.6382,1.5292,0.4204,229.2881,13622.2582
Conference network (vs. stream only),OLS,0.7152,-0.5291,1.9595,0.2599,368.0831,21868.2173
Ranked opponent,OLS,2.7061,1.6821,3.7301,0.0,1392.769,82745.9242
Power-conference opponent,OLS,7.4479,6.237,8.6588,0.0,3833.1965,227734.3838
FCS opponent,OLS,-1.8268,-3.0283,-0.6254,0.0029,-940.2038,-55858.5324
Conference game,OLS,-4.287,-5.5468,-3.0272,0.0,-2206.3807,-131083.4837
Opponent's campus twice as far away,OLS,-0.946,-1.2685,-0.6234,0.0,-486.8629,-28925.0571
Home team ranked,OLS,1.7019,0.5653,2.8386,0.0033,875.9395,52040.5241
"Home win % so far, +25 pts",OLS,3.387,2.5347,4.2393,0.0,1743.187,103564.6423
"Home win % last season, +25 pts",OLS,2.6093,2.0057,3.2129,0.0,1342.9224,79784.4826
Home team a heavy favorite (85% vs. 50%),OLS,-0.197,-0.9731,0.5791,0.6188,-101.3879,-6023.5647
Home team an underdog (30% vs. 50%),OLS,-0.0323,-0.6678,0.6033,0.9207,-16.6081,-986.7067
Kickoff under 40 F (vs. 55-75 F),OLS,-6.2843,-8.1549,-4.4138,0.0,-3234.3458,-192156.0118
Kickoff 85 F or hotter (vs. 55-75 F),OLS,0.5184,-0.6597,1.6964,0.3885,266.7857,15850.0287
"Rain, 0.1 in+ around kickoff",OLS,-1.1221,-2.0536,-0.1906,0.0182,-577.4896,-34309.2898
"Heavy rain, 0.5 in+ (added to rain)",OLS,-1.9986,-3.9283,-0.0689,0.0424,-1028.6222,-61111.568
Wind 15 mph+,OLS,-2.9667,-4.4819,-1.4514,0.0001,-1526.8531,-90712.0092
Home opener,OLS,2.7487,1.7823,3.7151,0.0,1414.6965,84048.6602
October game (vs. September),OLS,1.388,0.281,2.4951,0.014,714.3733,42441.6995
November game (vs. September),OLS,-1.0695,-2.362,0.223,0.1048,-550.4454,-32702.5619
Noon kickoff (vs. night),Tobit (latent demand),-3.6962,-4.7288,-2.6635,0.0,-1902.3111,-113018.3801
Afternoon kickoff (vs. night),Tobit (latent demand),-1.6801,-2.6371,-0.7231,0.0006,-864.7074,-51373.2085
Weeknight game (vs. Saturday),Tobit (latent demand),-5.8666,-7.2782,-4.455,0.0,-3019.3576,-179383.3277
ABC / CBS / NBC / FOX (vs. stream only),Tobit (latent demand),6.1779,4.2922,8.0637,0.0,3179.5964,188903.2928
ESPN / ESPN2 (vs. stream only),Tobit (latent demand),1.1725,-0.3391,2.6841,0.1284,603.4566,35852.0131
Other national cable (vs. stream only),Tobit (latent demand),0.3108,-0.8551,1.4768,0.6013,159.9831,9504.7694
Conference network (vs. stream only),Tobit (latent demand),0.4036,-1.0197,1.8269,0.5784,207.7137,12340.4955
Ranked opponent,Tobit (latent demand),4.7872,3.4089,6.1656,0.0,2463.8423,146379.5592
Power-conference opponent,Tobit (latent demand),9.2999,7.9153,10.6844,0.0,4786.3584,284362.7769
FCS opponent,Tobit (latent demand),-2.2951,-3.66,-0.9302,0.001,-1181.2221,-70177.6913
Conference game,Tobit (latent demand),-4.8452,-6.3398,-3.3506,0.0,-2493.6973,-148153.2777
Opponent's campus twice as far away,Tobit (latent demand),-1.2297,-1.5917,-0.8677,0.0,-632.8819,-37600.202
Home team ranked,Tobit (latent demand),4.2742,2.8484,5.6999,0.0,2199.7751,130691.037
"Home win % so far, +25 pts",Tobit (latent demand),3.935,2.9666,4.9034,0.0,2025.2171,120320.355
"Home win % last season, +25 pts",Tobit (latent demand),3.2037,2.5203,3.8871,0.0,1648.8413,97959.4606
Home team a heavy favorite (85% vs. 50%),Tobit (latent demand),-0.6054,-1.4923,0.2814,0.1809,-311.6032,-18512.6861
Home team an underdog (30% vs. 50%),Tobit (latent demand),-0.3264,-1.0099,0.3571,0.3493,-167.9944,-9980.7292
Kickoff under 40 F (vs. 55-75 F),Tobit (latent demand),-8.1232,-9.9706,-6.2759,0.0,-4180.7825,-248384.8518
Kickoff 85 F or hotter (vs. 55-75 F),Tobit (latent demand),0.2132,-1.1513,1.5776,0.7594,109.7191,6518.5326
"Rain, 0.1 in+ around kickoff",Tobit (latent demand),-1.7002,-2.7958,-0.6045,0.0024,-875.0271,-51986.3124
"Heavy rain, 0.5 in+ (added to rain)",Tobit (latent demand),-2.1088,-4.5598,0.3423,0.0917,-1085.3233,-64480.2435
Wind 15 mph+,Tobit (latent demand),-3.666,-5.4686,-1.8633,0.0001,-1886.7589,-112094.4073
Home opener,Tobit (latent demand),3.0673,1.9647,4.17,0.0,1578.6617,93790.0134
October game (vs. September),Tobit (latent demand),1.9636,0.6324,3.2949,0.0038,1010.6299,60042.6223
November game (vs. September),Tobit (latent demand),-0.9874,-2.5116,0.5368,0.2042,-508.1928,-30192.2859
Noon kickoff (vs. night),Tobit (reported crowd),-2.7417,-3.5077,-1.9758,0.0,-1239.2626,-65232.5676
Afternoon kickoff (vs. night),Tobit (reported crowd),-1.2463,-1.9561,-0.5364,0.0006,-563.3145,-29651.8698
Weeknight game (vs. Saturday),Tobit (reported crowd),-4.3517,-5.3988,-3.3046,0.0,-1966.9636,-103537.4515
ABC / CBS / NBC / FOX (vs. stream only),Tobit (reported crowd),4.5826,3.1838,5.9814,0.0,2071.3514,109032.237
ESPN / ESPN2 (vs. stream only),Tobit (reported crowd),0.8697,-0.2515,1.991,0.1284,393.1224,20693.2613
Other national cable (vs. stream only),Tobit (reported crowd),0.2306,-0.6343,1.0955,0.6013,104.2211,5486.0148
Conference network (vs. stream only),Tobit (reported crowd),0.2994,-0.7564,1.3552,0.5784,135.3153,7122.7548
Ranked opponent,Tobit (reported crowd),3.5511,2.5286,4.5735,0.0,1605.0726,84488.1556
Power-conference opponent,Tobit (reported crowd),6.8984,5.8714,7.9254,0.0,3118.0782,164130.0648
FCS opponent,Tobit (reported crowd),-1.7025,-2.7149,-0.69,0.001,-769.5083,-40505.5442
Conference game,Tobit (reported crowd),-3.5941,-4.7027,-2.4854,0.0,-1624.5217,-85511.9202
Opponent's campus twice as far away,Tobit (reported crowd),-0.9122,-1.1807,-0.6436,0.0,-412.2915,-21702.2905
Home team ranked,Tobit (reported crowd),3.1705,2.1129,4.2281,0.0,1433.0457,75432.9684
"Home win % so far, +25 pts",Tobit (reported crowd),2.9189,2.2005,3.6372,0.0,1319.3298,69447.1614
"Home win % last season, +25 pts",Tobit (reported crowd),2.3764,1.8695,2.8834,0.0,1074.1394,56540.778
Home team a heavy favorite (85% vs. 50%),Tobit (reported crowd),-0.4491,-1.107,0.2088,0.1809,-202.9942,-10685.2535
Home team an underdog (30% vs. 50%),Tobit (reported crowd),-0.2421,-0.7491,0.2649,0.3493,-109.4401,-5760.7319
Kickoff under 40 F (vs. 55-75 F),Tobit (reported crowd),-6.0256,-7.396,-4.6553,0.0,-2723.5751,-143364.129
Kickoff 85 F or hotter (vs. 55-75 F),Tobit (reported crowd),0.1581,-0.854,1.1702,0.7594,71.4766,3762.4024
"Rain, 0.1 in+ around kickoff",Tobit (reported crowd),-1.2611,-2.0739,-0.4484,0.0024,-570.0373,-30005.7445
"Heavy rain, 0.5 in+ (added to rain)",Tobit (reported crowd),-1.5642,-3.3824,0.2539,0.0917,-707.035,-37217.0601
Wind 15 mph+,Tobit (reported crowd),-2.7193,-4.0565,-1.3822,0.0001,-1229.1311,-64699.2639
Home opener,Tobit (reported crowd),2.2753,1.4573,3.0932,0.0,1028.4208,54134.2335
October game (vs. September),Tobit (reported crowd),1.4566,0.4691,2.444,0.0038,658.3759,34655.7295
November game (vs. September),Tobit (reported crowd),-0.7324,-1.863,0.3982,0.2042,-331.0627,-17426.5489
Noon kickoff (vs. night),Two-part: fill if not sold out,-2.6237,-3.6205,-1.6269,0.0,-1216.5,-65499.3092
Afternoon kickoff (vs. night),Two-part: fill if not sold out,-1.1743,-2.1447,-0.2038,0.0177,-544.4518,-29314.6022
Weeknight game (vs. Saturday),Two-part: fill if not sold out,-5.4289,-6.8687,-3.9891,0.0,-2517.1454,-135529.205
ABC / CBS / NBC / FOX (vs. stream only),Two-part: fill if not sold out,3.3263,1.4841,5.1684,0.0004,1542.2499,83038.4713
ESPN / ESPN2 (vs. stream only),Two-part: fill if not sold out,1.2105,-0.1413,2.5623,0.0792,561.2587,30219.5287
Other national cable (vs. stream only),Two-part: fill if not sold out,0.4256,-0.732,1.5832,0.4712,197.3168,10624.0137
Conference network (vs. stream only),Two-part: fill if not sold out,0.1903,-1.2105,1.591,0.7901,88.2178,4749.8619
Ranked opponent,Two-part: fill if not sold out,2.4891,1.156,3.8222,0.0003,1154.0893,62138.9629
Power-conference opponent,Two-part: fill if not sold out,7.1025,5.8796,8.3253,0.0,3293.1151,177309.297
FCS opponent,Two-part: fill if not sold out,-1.399,-2.7831,-0.0149,0.0476,-648.6534,-34925.072
Conference game,Two-part: fill if not sold out,-3.3239,-4.7251,-1.9226,0.0,-1541.1344,-82978.4126
Opponent's campus twice as far away,Two-part: fill if not sold out,-1.0042,-1.3619,-0.6466,0.0,-465.6172,-25069.9561
Home team ranked,Two-part: fill if not sold out,2.06,0.6797,3.4403,0.0034,955.1303,51426.5293
"Home win % so far, +25 pts",Two-part: fill if not sold out,3.0951,2.1484,4.0417,0.0,1435.0469,77266.4041
"Home win % last season, +25 pts",Two-part: fill if not sold out,2.5253,1.855,3.1955,0.0,1170.8686,63042.4
Home team a heavy favorite (85% vs. 50%),Two-part: fill if not sold out,-0.0981,-0.9771,0.7808,0.8268,-45.5034,-2450.0123
Home team an underdog (30% vs. 50%),Two-part: fill if not sold out,-0.3391,-1.0096,0.3314,0.3216,-157.2226,-8465.2441
Kickoff under 40 F (vs. 55-75 F),Two-part: fill if not sold out,-7.7039,-9.7617,-5.6461,0.0,-3571.9672,-192323.3671
Kickoff 85 F or hotter (vs. 55-75 F),Two-part: fill if not sold out,0.2983,-1.1532,1.7498,0.6871,138.3065,7446.7573
"Rain, 0.1 in+ around kickoff",Two-part: fill if not sold out,-1.617,-2.7117,-0.5222,0.0038,-749.7234,-40366.9264
"Heavy rain, 0.5 in+ (added to rain)",Two-part: fill if not sold out,-1.9518,-4.1818,0.2783,0.0863,-904.9528,-48724.8523
Wind 15 mph+,Two-part: fill if not sold out,-2.6009,-4.3712,-0.8305,0.004,-1205.9109,-64929.1664
Home opener,Two-part: fill if not sold out,2.5047,1.4758,3.5335,0.0,1161.3162,62528.0796
October game (vs. September),Two-part: fill if not sold out,1.2199,-0.1143,2.5541,0.0731,565.6125,30453.9497
November game (vs. September),Two-part: fill if not sold out,-1.4564,-3.0194,0.1066,0.0678,-675.2718,-36358.2691
Noon kickoff (vs. night),"OLS, team x season FE",-2.2534,-3.0505,-1.4563,0.0,-1159.7666,-68903.0012
Afternoon kickoff (vs. night),"OLS, team x season FE",-1.0605,-1.8951,-0.2259,0.0128,-545.8065,-32426.9609
Weeknight game (vs. Saturday),"OLS, team x season FE",-4.798,-6.2499,-3.3461,0.0,-2469.3873,-146708.9932
ABC / CBS / NBC / FOX (vs. stream only),"OLS, team x season FE",1.4785,-0.042,2.999,0.0567,760.9409,45208.3291
ESPN / ESPN2 (vs. stream only),"OLS, team x season FE",0.5371,-0.8433,1.9174,0.4457,276.4186,16422.3321
Other national cable (vs. stream only),"OLS, team x season FE",-0.2558,-1.2643,0.7528,0.6192,-131.6361,-7820.6459
Conference network (vs. stream only),"OLS, team x season FE",0.201,-0.9029,1.3048,0.7212,103.4248,6144.5815
Ranked opponent,"OLS, team x season FE",1.6931,0.5999,2.7863,0.0024,871.3755,51769.3676
Power-conference opponent,"OLS, team x season FE",6.4211,5.2223,7.6198,0.0,3304.7312,196337.6846
FCS opponent,"OLS, team x season FE",-1.4036,-2.5115,-0.2958,0.013,-722.408,-42919.048
Conference game,"OLS, team x season FE",-4.2925,-5.6051,-2.98,0.0,-2209.2417,-131253.4594
Opponent's campus twice as far away,"OLS, team x season FE",-0.7771,-1.1016,-0.4527,0.0,-399.9645,-23762.3282
Home team ranked,"OLS, team x season FE",1.9386,0.8127,3.0644,0.0007,997.7187,59275.5564
"Home win % so far, +25 pts","OLS, team x season FE",2.8104,1.9512,3.6696,0.0,1446.4246,85933.6626
Home team a heavy favorite (85% vs. 50%),"OLS, team x season FE",-1.488,-2.2402,-0.7359,0.0001,-765.8467,-45499.7852
Home team an underdog (30% vs. 50%),"OLS, team x season FE",1.0012,0.4047,1.5978,0.001,515.3098,30615.1188
Kickoff under 40 F (vs. 55-75 F),"OLS, team x season FE",-6.9206,-9.0911,-4.75,0.0,-3561.8007,-211610.4638
Kickoff 85 F or hotter (vs. 55-75 F),"OLS, team x season FE",0.5089,-0.7181,1.7359,0.4163,261.9187,15560.8781
"Rain, 0.1 in+ around kickoff","OLS, team x season FE",-1.4009,-2.363,-0.4388,0.0043,-720.999,-42835.3345
"Heavy rain, 0.5 in+ (added to rain)","OLS, team x season FE",-2.6947,-4.6022,-0.7872,0.0056,-1386.8763,-82395.8337
Wind 15 mph+,"OLS, team x season FE",-2.1036,-3.4095,-0.7978,0.0016,-1082.6842,-64323.4489
Home opener,"OLS, team x season FE",2.5671,1.5194,3.6147,0.0,1321.1836,78492.9583
October game (vs. September),"OLS, team x season FE",1.4039,0.2955,2.5122,0.013,722.5297,42926.2799
November game (vs. September),"OLS, team x season FE",-0.9562,-2.2419,0.3295,0.1449,-492.1197,-29237.3705
Noon kickoff (vs. night),OLS + Elo ratings,-2.2019,-3.0528,-1.351,0.0,-1133.2473,-67327.4582
Afternoon kickoff (vs. night),OLS + Elo ratings,-0.9315,-1.7044,-0.1586,0.0182,-479.397,-28481.4999
Weeknight game (vs. Saturday),OLS + Elo ratings,-4.8947,-6.2086,-3.5808,0.0,-2519.1479,-149665.3236
ABC / CBS / NBC / FOX (vs. stream only),OLS + Elo ratings,1.6576,0.1354,3.1798,0.0328,853.1219,50684.9033
ESPN / ESPN2 (vs. stream only),OLS + Elo ratings,0.7255,-0.6169,2.068,0.2895,373.4053,22184.4157
Other national cable (vs. stream only),OLS + Elo ratings,0.164,-0.9144,1.2425,0.7656,84.4309,5016.1331
Conference network (vs. stream only),OLS + Elo ratings,0.7138,-0.5256,1.9532,0.259,367.3805,21826.4786
Ranked opponent,OLS + Elo ratings,1.5079,0.5184,2.4974,0.0028,776.0479,46105.8534
Power-conference opponent,OLS + Elo ratings,6.5815,5.4154,7.7476,0.0,3387.2939,201242.8252
FCS opponent,OLS + Elo ratings,-2.8968,-4.3163,-1.4774,0.0001,-1490.9162,-88576.9569
Conference game,OLS + Elo ratings,-4.1198,-5.3856,-2.854,0.0,-2120.3189,-125970.4584
Opponent's campus twice as far away,OLS + Elo ratings,-0.9104,-1.2364,-0.5844,0.0,-468.5505,-27837.0979
Home team ranked,OLS + Elo ratings,1.2451,0.1313,2.3588,0.0284,640.7954,38070.3568
"Home win % so far, +25 pts",OLS + Elo ratings,2.0596,1.1969,2.9224,0.0,1060.0362,62977.9099
"Home win % last season, +25 pts",OLS + Elo ratings,1.645,1.0489,2.2411,0.0,846.6367,50299.6082
Home team a heavy favorite (85% vs. 50%),OLS + Elo ratings,0.3314,-0.7202,1.383,0.5368,170.562,10133.2757
Home team an underdog (30% vs. 50%),OLS + Elo ratings,-0.136,-0.8991,0.6271,0.7269,-69.9921,-4158.3046
Kickoff under 40 F (vs. 55-75 F),OLS + Elo ratings,-6.3227,-8.1581,-4.4873,0.0,-3254.0942,-193329.2881
Kickoff 85 F or hotter (vs. 55-75 F),OLS + Elo ratings,0.6793,-0.4749,1.8336,0.2487,349.6338,20772.1258
"Rain, 0.1 in+ around kickoff",OLS + Elo ratings,-1.098,-2.0221,-0.1739,0.0199,-565.1302,-33575.0026
"Heavy rain, 0.5 in+ (added to rain)",OLS + Elo ratings,-2.0292,-3.9209,-0.1376,0.0355,-1044.3921,-62048.4767
Wind 15 mph+,OLS + Elo ratings,-2.9075,-4.3663,-1.4487,0.0001,-1496.4006,-88902.7941
Home opener,OLS + Elo ratings,2.3279,1.3903,3.2654,0.0,1198.074,71178.8853
October game (vs. September),OLS + Elo ratings,1.2484,0.149,2.3477,0.026,642.5009,38171.6812
November game (vs. September),OLS + Elo ratings,-1.2211,-2.5051,0.063,0.0623,-628.4441,-37336.5512
