effect,model,pts_of_capacity,ci_low,ci_high,p_value,seats_per_game,dollars_per_game_at_assumed_price,pts_of_capacity_tobit_latent,seats_per_game_tobit_latent,dollars_per_game_at_assumed_price_tobit_latent
Noon kickoff (vs. night),OLS,-2.276,-3.143,-1.41,0.0,-1171.514,-69600.948,-3.696,-1902.311,-113018.38
Afternoon kickoff (vs. night),OLS,-1.018,-1.811,-0.226,0.012,-524.129,-31139.058,-1.68,-864.707,-51373.208
Weeknight game (vs. Saturday),OLS,-4.999,-6.333,-3.665,0.0,-2572.865,-152856.693,-5.867,-3019.358,-179383.328
ABC / CBS / NBC / FOX (vs. stream only),OLS,2.539,1.033,4.044,0.001,1306.546,77623.347,6.178,3179.596,188903.293
ESPN / ESPN2 (vs. stream only),OLS,1.291,-0.015,2.597,0.053,664.338,39469.03,1.173,603.457,35852.013
Other national cable (vs. stream only),OLS,0.446,-0.638,1.529,0.42,229.288,13622.258,0.311,159.983,9504.769
Conference network (vs. stream only),OLS,0.715,-0.529,1.959,0.26,368.083,21868.217,0.404,207.714,12340.495
Ranked opponent,OLS,2.706,1.682,3.73,0.0,1392.769,82745.924,4.787,2463.842,146379.559
Power-conference opponent,OLS,7.448,6.237,8.659,0.0,3833.196,227734.384,9.3,4786.358,284362.777
FCS opponent,OLS,-1.827,-3.028,-0.625,0.003,-940.204,-55858.532,-2.295,-1181.222,-70177.691
Conference game,OLS,-4.287,-5.547,-3.027,0.0,-2206.381,-131083.484,-4.845,-2493.697,-148153.278
Opponent's campus twice as far away,OLS,-0.946,-1.269,-0.623,0.0,-486.863,-28925.057,-1.23,-632.882,-37600.202
Home team ranked,OLS,1.702,0.565,2.839,0.003,875.94,52040.524,4.274,2199.775,130691.037
"Home win % so far, +25 pts",OLS,3.387,2.535,4.239,0.0,1743.187,103564.642,3.935,2025.217,120320.355
"Home win % last season, +25 pts",OLS,2.609,2.006,3.213,0.0,1342.922,79784.483,3.204,1648.841,97959.461
Home team a heavy favorite (85% vs. 50%),OLS,-0.197,-0.973,0.579,0.619,-101.388,-6023.565,-0.605,-311.603,-18512.686
Home team an underdog (30% vs. 50%),OLS,-0.032,-0.668,0.603,0.921,-16.608,-986.707,-0.326,-167.994,-9980.729
Kickoff under 40 F (vs. 55-75 F),OLS,-6.284,-8.155,-4.414,0.0,-3234.346,-192156.012,-8.123,-4180.783,-248384.852
Kickoff 85 F or hotter (vs. 55-75 F),OLS,0.518,-0.66,1.696,0.388,266.786,15850.029,0.213,109.719,6518.533
"Rain, 0.1 in+ around kickoff",OLS,-1.122,-2.054,-0.191,0.018,-577.49,-34309.29,-1.7,-875.027,-51986.312
"Heavy rain, 0.5 in+ (added to rain)",OLS,-1.999,-3.928,-0.069,0.042,-1028.622,-61111.568,-2.109,-1085.323,-64480.243
Wind 15 mph+,OLS,-2.967,-4.482,-1.451,0.0,-1526.853,-90712.009,-3.666,-1886.759,-112094.407
Home opener,OLS,2.749,1.782,3.715,0.0,1414.696,84048.66,3.067,1578.662,93790.013
October game (vs. September),OLS,1.388,0.281,2.495,0.014,714.373,42441.699,1.964,1010.63,60042.622
November game (vs. September),OLS,-1.07,-2.362,0.223,0.105,-550.445,-32702.562,-0.987,-508.193,-30192.286
