home_team,home_games,sellout_rate,sellouts,avg_demand_when_sold_out,avg_unmet_seats_per_sellout,unmet_dollars_per_season_at_assumed_price
Alabama,70,0.871,61.0,1.196,19933.293,9119481.521
Ohio State,70,0.871,61.0,1.181,18560.943,8491631.307
Clemson,68,0.794,54.0,1.177,14422.44,5841088.273
Kansas State,66,0.818,54.0,1.173,8659.355,3507038.933
Auburn,72,0.764,55.0,1.155,13539.803,5585168.818
Penn State,70,0.743,52.0,1.154,16370.808,6384614.965
Oregon,68,0.721,49.0,1.153,8254.862,3033661.743
Florida,61,0.721,44.0,1.151,13380.377,4415524.461
NC State,67,0.716,48.0,1.145,8418.877,3030795.746
Tennessee,71,0.535,38.0,1.143,14656.531,4177111.377
LSU,69,0.609,42.0,1.14,14298.502,4504028.156
Texas A&M,68,0.515,35.0,1.132,13552.339,3557489.07
Texas,62,0.516,32.0,1.13,13030.491,3127317.739
Iowa State,65,0.415,27.0,1.13,7985.289,1617021.03
Florida State,67,0.567,38.0,1.13,8726.085,2486934.19
Iowa,69,0.681,47.0,1.129,8932.304,3148637.162
Baylor,65,0.508,33.0,1.126,5693.099,1409042.104
South Carolina,69,0.464,32.0,1.122,9772.282,2345347.77
BYU,59,0.39,23.0,1.121,7703.46,922333.056
Michigan State,65,0.354,23.0,1.12,9011.015,1554400.022
Oklahoma State,67,0.418,28.0,1.114,6330.453,1329395.062
Oklahoma,64,0.453,29.0,1.113,9746.471,2119857.425
TCU,63,0.349,22.0,1.111,5098.547,841260.318
James Madison,24,0.708,17.0,1.11,2735.255,290620.85
North Carolina,64,0.609,39.0,1.108,5444.604,1592546.778
Washington,67,0.358,24.0,1.108,7544.665,1358039.697
Texas Tech,61,0.328,20.0,1.107,6474.26,971138.936
Ole Miss,70,0.457,32.0,1.107,6836.05,1640652.053
Old Dominion,60,0.533,32.0,1.105,2116.46,169316.84
Virginia Tech,62,0.5,31.0,1.103,6746.305,1568516.005
Wisconsin,67,0.224,15.0,1.102,8160.866,918097.45
Kentucky,73,0.438,32.0,1.098,5974.748,1433939.618
Colorado,61,0.443,27.0,1.096,4826.75,977416.964
Utah,64,0.484,31.0,1.093,4797.197,1115348.196
Mississippi State,69,0.232,16.0,1.092,5651.381,678165.734
Miami,65,0.185,12.0,1.091,5883.691,529532.157
UCF,66,0.424,28.0,1.085,3746.809,475363.22
Wake Forest,66,0.303,20.0,1.085,2668.385,400257.731
West Virginia,63,0.238,15.0,1.083,4982.955,560582.448
Boise State,64,0.344,22.0,1.081,2961.801,162899.042
Indiana,66,0.197,13.0,1.081,4278.651,417168.489
Minnesota,70,0.2,14.0,1.08,4073.943,427763.969
Navy,55,0.309,17.0,1.079,2681.1,113946.75
Notre Dame,63,0.175,11.0,1.076,6162.922,508441.045
Washington State,64,0.328,21.0,1.073,2412.326,359515.513
Arizona,65,0.246,16.0,1.069,3518.406,422208.737
Purdue,64,0.391,25.0,1.068,3921.445,735270.897
USC,65,0.108,7.0,1.067,5170.45,271448.61
App State,62,0.468,29.0,1.066,1982.773,143751.021
Kennesaw State,11,0.455,5.0,1.065,717.405,44837.809
Georgia Tech,61,0.082,5.0,1.058,3214.434,120541.257
SMU,63,0.19,12.0,1.058,1863.421,149612.631
Rutgers,65,0.231,15.0,1.056,2926.544,329236.201
Charlotte,57,0.246,14.0,1.055,845.19,29581.641
Illinois,66,0.106,7.0,1.055,3321.239,174365.044
Colorado State,61,0.148,9.0,1.054,1967.131,44260.441
Fresno State,58,0.207,12.0,1.052,2147.664,64429.924
Ohio,60,0.1,6.0,1.051,1219.818,18297.264
Houston,61,0.115,7.0,1.048,1922.116,60307.618
Boston College,64,0.141,9.0,1.044,1968.28,132858.91
Tulane,63,0.111,7.0,1.043,1293.436,22635.135
Pittsburgh,67,0.075,5.0,1.043,2948.259,110559.715
Coastal Carolina,48,0.104,5.0,1.042,878.683,13729.423
Stanford,62,0.145,9.0,1.04,2032.659,137204.467
Georgia Southern,55,0.091,5.0,1.04,989.624,12370.295
Kansas,57,0.158,9.0,1.036,1671.099,125332.392
Army,60,0.15,9.0,1.034,1474.379,33173.53
Northwestern,58,0.155,9.0,1.032,1091.881,81891.064
UTSA,61,0.098,6.0,1.029,1061.477,15922.157
Hawai'i,63,0.079,5.0,1.026,394.006,4925.071
