season,week,away_team,kick_slot,tv,away_rank,home_win_prob,capacity,attendance,fill,sellout,latent_demand,demand_if_sold_out,unmet_seats,unmet_dollars_at_assumed_price
2015,1,Wofford,noon,stream,,0.98,81500.0,81345.0,0.998,1.0,1.111,1.142,11559.564,866967.269
2015,2,App State,noon,stream,,0.891,81500.0,81467.0,1.0,1.0,1.071,1.118,9577.691,718326.854
2015,5,Notre Dame,night,broadcast,6.0,0.579,81500.0,82415.0,1.011,1.0,1.254,1.257,20974.667,1573100.028
2015,6,Georgia Tech,afternoon,broadcast,,0.691,81500.0,80983.0,0.994,1.0,1.209,1.217,17674.221,1325566.579
2015,7,Boston College,night,cable,,0.885,81500.0,81416.0,0.999,1.0,1.167,1.182,14849.84,1113738.028
2015,10,Florida State,afternoon,broadcast,17.0,0.798,81500.0,83099.0,1.02,1.0,1.238,1.243,19772.932,1482969.871
2015,12,Wake Forest,afternoon,espn,,0.971,81500.0,81577.0,1.001,1.0,1.162,1.178,14511.821,1088386.612
2016,2,Troy,noon,stream,,0.989,81500.0,78532.0,0.964,0.0,1.095,,,
2016,3,South Carolina State,noon,stream,,1.0,81500.0,79590.0,0.977,0.0,1.125,,,
2016,5,Louisville,night,broadcast,3.0,0.473,81500.0,83362.0,1.023,1.0,1.318,1.319,25996.863,1949764.721
2016,7,NC State,noon,broadcast,,0.909,81500.0,81200.0,0.996,1.0,1.234,1.24,19539.565,1465467.409
2016,10,Syracuse,afternoon,broadcast,,0.969,81500.0,80609.0,0.989,1.0,1.208,1.216,17627.999,1322099.905
2016,13,South Carolina,night,espn,,0.949,81500.0,81542.0,1.001,1.0,1.296,1.298,24249.329,1818699.7
2017,1,Kent State,noon,espn,,0.994,81500.0,80121.0,0.983,1.0,1.049,1.106,8620.903,646567.733
2017,2,Auburn,night,espn,13.0,0.655,81500.0,81799.0,1.004,1.0,1.248,1.252,20537.078,1540280.816
2017,4,Boston College,afternoon,espn,,0.987,81500.0,80525.0,0.988,1.0,1.122,1.149,12161.893,912141.995
2017,6,Wake Forest,noon,espn,,0.919,81500.0,80567.0,0.989,1.0,1.142,1.163,13313.096,998482.197
2017,9,Georgia Tech,night,broadcast,,0.825,81500.0,80346.0,0.986,1.0,1.208,1.216,17621.348,1321601.101
2017,11,Florida State,afternoon,espn,,0.864,81500.0,81436.0,0.999,1.0,1.11,1.142,11535.971,865197.835
2017,12,The Citadel,noon,stream,,0.999,81500.0,80618.0,0.989,1.0,1.088,1.127,10387.247,779043.497
2018,1,Furman,noon,stream,,1.0,81500.0,80048.0,0.982,1.0,1.093,1.131,10639.83,797987.253
2018,3,Georgia Southern,noon,cable,,0.984,81500.0,79844.0,0.98,0.0,1.015,,,
2018,5,Syracuse,noon,broadcast,,0.949,81500.0,80122.0,0.983,1.0,1.145,1.166,13516.793,1013759.456
2018,8,NC State,afternoon,espn,16.0,0.888,81500.0,81295.0,0.997,1.0,1.205,1.214,17440.703,1308052.74
2018,10,Louisville,noon,broadcast,,0.995,81500.0,78741.0,0.966,0.0,1.153,,,
2018,12,Duke,night,espn,,0.972,81500.0,81313.0,0.998,1.0,1.122,1.149,12163.987,912298.991
2018,13,South Carolina,night,espn,,0.958,81500.0,81436.0,0.999,1.0,1.234,1.239,19487.144,1461535.77
2019,1,Georgia Tech,night,conference_net,,0.993,81500.0,79118.0,0.971,0.0,1.084,,,
2019,2,Texas A&M,afternoon,broadcast,12.0,0.861,81500.0,81500.0,1.0,1.0,1.248,1.252,20574.61,1543095.727
2019,4,Charlotte,night,conference_net,,0.997,81500.0,81500.0,1.0,1.0,1.096,1.132,10771.28,807845.996
2019,7,Florida State,afternoon,broadcast,,0.96,81500.0,80500.0,0.988,1.0,1.218,1.225,18325.391,1374404.351
2019,9,Boston College,night,conference_net,,0.99,81500.0,81081.0,0.995,1.0,1.12,1.148,12026.82,902011.494
2019,10,Wofford,afternoon,conference_net,,0.999,81500.0,81500.0,1.0,1.0,1.141,1.163,13279.829,995987.143
2019,12,Wake Forest,afternoon,broadcast,,0.989,81500.0,80875.0,0.992,1.0,1.201,1.21,17110.475,1283285.619
2021,2,South Carolina State,afternoon,conference_net,,1.0,81500.0,78609.0,0.965,0.0,1.037,,,
2021,3,Georgia Tech,afternoon,broadcast,,0.967,81500.0,81500.0,1.0,1.0,1.116,1.145,11826.252,886968.916
2021,5,Boston College,night,conference_net,,0.833,81500.0,79159.0,0.971,0.0,1.06,,,
2021,9,Florida State,afternoon,espn,,0.737,81500.0,79097.0,0.971,0.0,1.037,,,
2021,11,UConn,noon,conference_net,,0.997,81500.0,77522.0,0.951,0.0,0.922,,,
2021,12,Wake Forest,noon,espn,13.0,0.592,81500.0,81048.0,0.994,1.0,1.039,1.101,8225.7,616927.472
2022,2,Furman,afternoon,conference_net,,0.999,81500.0,78302.0,0.961,0.0,1.122,,,
2022,3,Louisiana Tech,night,conference_net,,0.987,81500.0,80542.0,0.988,1.0,1.06,1.111,9086.47,681485.221
2022,5,NC State,night,broadcast,10.0,0.668,81500.0,81500.0,1.0,1.0,1.269,1.272,22181.683,1663626.252
2022,8,Syracuse,noon,broadcast,14.0,0.825,81500.0,81500.0,1.0,1.0,1.219,1.226,18417.145,1381285.893
2022,11,Louisville,afternoon,espn,,0.68,81500.0,80176.0,0.984,1.0,1.12,1.148,12026.014,901951.087
2022,12,Miami,afternoon,espn,,0.897,81500.0,81340.0,0.998,1.0,1.076,1.12,9814.816,736111.202
2022,13,South Carolina,noon,broadcast,,0.825,81500.0,81500.0,1.0,1.0,1.264,1.267,21732.975,1629973.14
2023,2,Charleston Southern,afternoon,conference_net,,1.0,81500.0,81500.0,1.0,1.0,1.088,1.128,10402.463,780184.758
2023,3,Florida Atlantic,night,conference_net,,0.952,81500.0,81295.0,0.997,1.0,1.01,1.088,7164.975,537373.127
2023,4,Florida State,noon,broadcast,4.0,0.447,81500.0,81500.0,1.0,1.0,1.166,1.182,14810.858,1110814.34
2023,6,Wake Forest,afternoon,conference_net,,0.919,81500.0,80810.0,0.992,1.0,1.092,1.13,10575.703,793177.757
2023,10,Notre Dame,noon,broadcast,12.0,0.421,81500.0,81500.0,1.0,1.0,1.174,1.188,15330.957,1149821.776
2023,11,Georgia Tech,noon,broadcast,,0.849,81500.0,81426.0,0.999,1.0,1.065,1.114,9300.756,697556.695
2023,12,North Carolina,afternoon,espn,22.0,0.691,81500.0,81305.0,0.998,1.0,1.123,1.15,12200.466,915034.955
2024,2,App State,night,conference_net,,0.864,81500.0,81500.0,1.0,1.0,1.08,1.123,10008.048,750603.627
2024,4,NC State,noon,broadcast,,0.878,81500.0,81500.0,1.0,1.0,1.128,1.154,12524.613,939346.004
2024,5,Stanford,night,espn,,0.945,81500.0,80295.0,0.985,1.0,1.084,1.125,10200.415,765031.144
2024,8,Virginia,noon,conference_net,,0.909,81500.0,80100.0,0.983,1.0,1.118,1.146,11930.261,894769.597
2024,10,Louisville,night,espn,,0.768,81500.0,80446.0,0.987,1.0,1.145,1.165,13486.323,1011474.217
2024,13,The Citadel,afternoon,stream,,0.999,81500.0,80300.0,0.985,1.0,1.089,1.128,10442.445,783183.367
2024,14,South Carolina,noon,espn,16.0,0.566,81500.0,81500.0,1.0,1.0,1.246,1.25,20368.656,1527649.193
2025,1,LSU,night,broadcast,9.0,0.643,81500.0,81500.0,1.0,1.0,1.305,1.306,24960.376,1872028.225
2025,2,Troy,afternoon,conference_net,,0.978,81500.0,77890.0,0.956,0.0,1.004,,,
2025,4,Syracuse,noon,espn,,0.878,81500.0,80225.0,0.984,1.0,1.023,1.093,7613.951,571046.297
2025,8,SMU,afternoon,conference_net,,0.592,81500.0,78669.0,0.965,0.0,1.075,,,
2025,10,Duke,noon,conference_net,,0.605,81500.0,75809.0,0.93,0.0,1.007,,,
2025,11,Florida State,night,conference_net,,0.54,81500.0,81500.0,1.0,1.0,1.042,1.102,8330.557,624791.779
2025,13,Furman,afternoon,stream,,0.997,81500.0,78403.0,0.962,0.0,1.068,,,
